Title,URL
Song 1,https://www.youtube.com/watch?v=3JZ_D3ELwOQ
Song 2,https://www.youtube.com/watch?v=2Vv-BfVoq4g
Song 3,https://www.youtube.com/watch?v=dQw4w9WgXcQ
Song 4,https://www.youtube.com/watch?v=kJQP7kiw5Fk
Song 5,https://www.youtube.com/watch?v=CevxZvSJLk8
Song 6,https://www.youtube.com/watch?v=L_jWHffIx5E
Song 7,https://www.youtube.com/watch?v=9bZkp7q19f0
Song 8,https://www.youtube.com/watch?v=RgKAFK5djSk
Song 9,https://www.youtube.com/watch?v=OPf0YbXqDm0
Song 10,https://www.youtube.com/watch?v=3tmd-ClpJxA
